family,n_A,n_B,n_eff,imbalance_ratio,bandwidth_condition,n_outer,A_bar_median,A_bar_mean,A_bar_std,A_bar_q90,A_bar_q95,A_bar_q99,A_w_median,A_w_mean,A_w_std,A_w_q90,A_w_q95,A_w_q99,B_bar_median,B_bar_mean,B_bar_std,B_bar_q90,B_bar_q95,B_bar_q99,ks_stat_median,ks_stat_mean,ks_stat_std,ks_stat_q90,ks_stat_q95,ks_stat_q99,abs_B_bar_median
A_interior_unimodal,50,50,50.0,1.0,independent,1000,0.22996869216725502,0.23467954085661138,0.07801098560763661,0.3416541762767685,0.36942321001027845,0.43021047782826893,0.10834238668687615,0.11500853209319312,0.04327258469283632,0.171684106289282,0.19492853689015932,0.2351785380105687,0.008071573460992049,0.004975513907599933,0.14343202061926047,0.19642508109188828,0.2376373822721742,0.30373081272925095,0.16,0.16452000000000003,0.05108208080118682,0.24,0.26,0.3,0.10676636893450207
A_interior_unimodal,50,50,50.0,1.0,shared_pooled,1000,0.24851898589852528,0.2503507502439062,0.07495070819127973,0.3496699437699943,0.3797678404754329,0.43101322192752445,0.11776382559211454,0.12356017311337181,0.04262737090661492,0.18201211462121433,0.2028621722151285,0.2352933322693747,-0.0002552698931662378,-0.0008831568897872963,0.13136268814402735,0.17752799484699955,0.22019525146612268,0.28896905577380205,0.16,0.16724,0.05360649266699003,0.24,0.28,0.3,0.09255511319312161
A_interior_unimodal,200,200,200.0,1.0,independent,1000,0.15848045093376814,0.16086058043659335,0.04955164393364123,0.22809922763392532,0.2483513414288704,0.29313157930137346,0.06650075927133167,0.06860184443729765,0.02236039669115915,0.0989821635288485,0.10801001089664568,0.13029513830065592,-0.0010048300147149575,-0.0004258712335417991,0.09970461631221388,0.13010326549248752,0.16029504000107195,0.2155423460498564,0.08,0.08411500000000001,0.024849734088804337,0.12,0.13,0.16,0.06971085961884774
A_interior_unimodal,200,200,200.0,1.0,shared_pooled,1000,0.1677070572319974,0.17018717334632663,0.0499997208131239,0.23459161040860835,0.2544533812258868,0.2867453480742853,0.06996260328971125,0.07249172924871579,0.022358995265825545,0.1021248056377781,0.11302132079014614,0.13225217603697173,0.0026124887202416975,0.002456722419358274,0.09138897500044306,0.12462886457817429,0.15097928858881,0.1988936045990695,0.08,0.08415500000000001,0.026711879370413073,0.12050000000000011,0.135,0.155,0.06224879089201048
A_interior_unimodal,800,800,800.0,1.0,independent,1000,0.10498617766143978,0.10819601833380611,0.03333532805803517,0.1527049637133066,0.17053725506724973,0.19644421236555132,0.03887622148652328,0.0401399751104926,0.011261745823141482,0.055748890249428425,0.06048416558325468,0.07040491003191558,0.0008861142332056747,0.0008188206532489519,0.06225783031178442,0.08399825092091702,0.1003568341111975,0.1498324263439025,0.04125,0.04301625,0.01285849969677458,0.06125,0.0675,0.07877499999999998,0.043080781683216815
A_interior_unimodal,800,800,800.0,1.0,shared_pooled,1000,0.1156537803424903,0.11832908056479548,0.03291985860898675,0.16145682261901603,0.1772332298594438,0.1974821299563712,0.04226023992896499,0.043001461483161744,0.011278591475654819,0.05790549243934339,0.06258161569089711,0.07148984753832922,0.005505182252391057,0.0004682284473054322,0.06397471920370547,0.08229462432179503,0.09800406329196454,0.1394917121936253,0.04125,0.0424075,0.012732849021102631,0.06,0.06625,0.07625,0.04463605218065579
A_interior_unimodal,50,100,66.66666666666667,2.0,independent,1000,0.21466289326593885,0.21938267839142925,0.07617488693216494,0.3198954647145778,0.3494545954699674,0.4140857003149542,0.09827125574849836,0.10386090993938837,0.03945597224918113,0.15840181337009943,0.17785487413352877,0.2097419253730632,0.00721695006210302,-0.00011723069665262064,0.1367179079120622,0.1738073545375275,0.20836822256853055,0.25791657993744627,0.14,0.14470000000000002,0.04647440015610605,0.21,0.24,0.28,0.099494151580899
A_interior_unimodal,50,100,66.66666666666667,2.0,shared_pooled,1000,0.23113415076516958,0.23354747937815198,0.07286978798700462,0.3291643165221824,0.3647538577359533,0.40894788132692983,0.10590159948446518,0.1096696787942817,0.037445603155362266,0.15583647784746213,0.17607246004127092,0.22285553029730967,-0.0376994232682462,-0.03794178189541099,0.12341540769477263,0.12579069531005174,0.16583966627028673,0.22949534574970584,0.13,0.14288,0.044856635158220665,0.2,0.22049999999999956,0.28,0.08699994922392418
A_interior_unimodal,50,250,83.33333333333333,5.0,independent,1000,0.20566223833269873,0.2101423879622813,0.06401964314648421,0.2956789468773961,0.32002323549877626,0.3667475736214401,0.08928042084925357,0.09370747394497932,0.03310522939146082,0.13563079842739947,0.15605860218456122,0.19633870299610634,0.03704433856538043,0.021264077669082337,0.12965607337550414,0.177943386658707,0.20892293910330084,0.23838299504911079,0.124,0.129444,0.040493587079864814,0.184,0.208,0.26,0.1003534543495341
A_interior_unimodal,50,250,83.33333333333333,5.0,shared_pooled,1000,0.23830722284805572,0.2402728692260851,0.06474460471259373,0.32678130096861085,0.3522496839862478,0.3890969475546935,0.10719544664523509,0.10946638445936548,0.035180646696470586,0.15631439153507232,0.1728649466264903,0.20652894753854958,-0.07469860139996996,-0.07338105379716774,0.11503153213563325,0.07566100151148235,0.1250351446554821,0.19264649876396175,0.124,0.13105599999999998,0.03953610967164028,0.18,0.204,0.24403999999999995,0.09284429650562043
A_interior_unimodal,50,500,90.90909090909092,10.0,independent,1000,0.2009998356335904,0.20313850713728543,0.06264160927463878,0.28464957935026175,0.3097426169617904,0.3821694540609535,0.08524612503513376,0.0893458564072564,0.03326358529764575,0.13420831592221408,0.15130930857514477,0.18358742377633322,0.06146220938045553,0.0421992183084841,0.12308115259793699,0.18572416575032227,0.20771101476973874,0.24428741726311962,0.118,0.124762,0.03911492468781365,0.178,0.196,0.25004,0.10352561517996559
A_interior_unimodal,50,500,90.90909090909092,10.0,shared_pooled,1000,0.2487233289810119,0.2545451645948481,0.06442518776122554,0.3402091259082888,0.3646110500760204,0.4352332715309444,0.10669425181269643,0.11189784702344084,0.033796696369343356,0.15798932281778671,0.176493943076285,0.2031052108702501,-0.09896144088810717,-0.10044258626898774,0.11562277120965136,0.053693327005269846,0.09730305078361046,0.15906907094407557,0.12,0.126204,0.03871280234063487,0.18,0.196,0.24003999999999995,0.11088900569189568
A_interior_unimodal,150,1350,270.0,9.0,independent,1000,0.1565031928888178,0.15766733556241397,0.045417052441826526,0.21497985532798633,0.2343625512020291,0.2685138435521674,0.05684207764840715,0.060421094283380994,0.019997096044034247,0.08702079465259928,0.09622377544073449,0.11722213768008363,0.06220749877196125,0.052146976986830115,0.08672200750370962,0.15779233536208626,0.17307358326787384,0.20476107540816751,0.07111111111111111,0.07380296296296296,0.02227061358242528,0.10296296296296296,0.11703703703703704,0.1385259259259259,0.08157561054424949
A_interior_unimodal,150,1350,270.0,9.0,shared_pooled,1000,0.1833376246884837,0.18671764408185446,0.046975960142896026,0.2485910618693339,0.27019990046636994,0.3039283760164539,0.07048424116432256,0.07337344578649604,0.020424012620544444,0.10010988640658769,0.11008517562845377,0.13274273521000457,-0.06664962742246766,-0.06365359037037371,0.0876997723328742,0.054949158544386006,0.09158914987658393,0.13948753513007303,0.06888888888888889,0.07362148148148148,0.024038410070946578,0.10592592592592592,0.11925925925925926,0.1452074074074074,0.08235956733748409
B_broad_interior,50,50,50.0,1.0,independent,1000,0.1207708075012848,0.12690095077722363,0.05379407402574743,0.20029962885509253,0.23148426917827367,0.28173051175937536,0.09945786346507321,0.10489456303714063,0.044280229033400474,0.16386873420260317,0.18906937068583682,0.23073066468447395,0.00048511376258083064,-0.00017587695273744785,0.04404404546757255,0.05228776571972303,0.06670020956245397,0.10646719412835565,0.16,0.16444000000000006,0.05199798255884732,0.24,0.26,0.3,0.027722558065254813
B_broad_interior,50,50,50.0,1.0,shared_pooled,1000,0.12904573722235868,0.13710616667751754,0.05230377591811523,0.207840137739447,0.23032232347356754,0.27380419447543725,0.10844633957625963,0.11415169178044371,0.04456377520858633,0.17559631710491602,0.19760076256195502,0.23754059077174824,0.0007502921080330995,0.0024334525234610323,0.04206900825929788,0.054878920117997644,0.07149296915986626,0.10206218414308756,0.16,0.16460000000000002,0.05249758085851191,0.24,0.26,0.3,0.02601899112491369
B_broad_interior,200,200,200.0,1.0,independent,1000,0.07124773068242628,0.07472033280355739,0.02647941762639819,0.10984213624738716,0.12207289132419488,0.14820182378756253,0.05934307608645635,0.06194853343602862,0.02202259073743751,0.09090661854095881,0.10140569948484955,0.12352736066742319,-0.0019921058494334187,-0.0010452444203115985,0.02280537707839072,0.027362319695891955,0.03696771311016305,0.05161361597635302,0.08,0.083595,0.025584282880912072,0.115,0.13,0.165,0.01509601196327294
B_broad_interior,200,200,200.0,1.0,shared_pooled,1000,0.07954100851654244,0.08245638623507119,0.026613699349228758,0.11864729437685724,0.13059511792694622,0.15301135603500401,0.06706137246818114,0.06866163236579009,0.022705810805748246,0.09822366671340063,0.10729722208612577,0.12571817893329748,2.0484327780480142e-05,-0.0004783572799536176,0.023857989028488447,0.029243897438882123,0.03825937897597793,0.053086009610017665,0.08,0.085545,0.02617370890871292,0.12,0.13,0.15504999999999997,0.016345483147248423
B_broad_interior,800,800,800.0,1.0,independent,1000,0.04399289398544496,0.045045845734941074,0.013878917039271695,0.06325148823208462,0.06978269963601434,0.08104993953869506,0.03647532544260851,0.03754947869518114,0.011535666090865563,0.05223819865532203,0.058106159621583095,0.06707355060915063,0.00022389723502578163,0.00011170983003722568,0.012824249517325333,0.0169712023181034,0.022013028292221123,0.029043803848371283,0.04,0.04267749999999999,0.012569740137215134,0.06,0.06625,0.07877499999999998,0.008884509669401543
B_broad_interior,800,800,800.0,1.0,shared_pooled,1000,0.047243846947139886,0.04884530817206108,0.01404040060870908,0.0676182687993501,0.07313481083443023,0.08423779646432887,0.0392350441901909,0.04028946812707697,0.011295661085258302,0.05463874060769798,0.060415206828990306,0.07035452688152995,9.978142118456526e-05,0.00014574942241824023,0.013691933828860107,0.018039779269701083,0.0227088008324945,0.03146978842352973,0.04,0.04261750000000001,0.012994544121550666,0.06125,0.0675,0.08001249999999999,0.009060528551373471
B_broad_interior,50,100,66.66666666666667,2.0,independent,1000,0.10693924290171647,0.11307525848920864,0.04461921337201875,0.17066396114512095,0.19601755119311096,0.24883671377618247,0.08912766991455583,0.09360239410597804,0.037215406910349934,0.14272051406319183,0.16267798407216907,0.19685580353331364,0.0006008671163273702,-0.003207899513744433,0.03694907302024307,0.04065107972654823,0.05047736787720315,0.07216164008413713,0.14,0.14451999999999998,0.04519526758646543,0.21,0.23,0.28,0.023698057753093197
B_broad_interior,50,100,66.66666666666667,2.0,shared_pooled,1000,0.11900991080328756,0.12521887652647107,0.04451254327878313,0.1869063109415163,0.20837566800032112,0.25327112239788424,0.0989038786228161,0.10401166238298563,0.03680529432713665,0.15385372518325105,0.17045296757461423,0.20137467696811487,-0.010926890736863298,-0.011598999907614137,0.03935111515517901,0.03673525211623487,0.04695522187236731,0.06828353352153702,0.14,0.14362,0.04326624050651463,0.2,0.22,0.26,0.026497029614717862
B_broad_interior,50,250,83.33333333333333,5.0,independent,1000,0.09976046428978036,0.1047775256988757,0.03937524513342617,0.15816827348395304,0.17493094656210442,0.22160824335973028,0.08046216553616158,0.08539555471491696,0.03301960022395888,0.1297303462585019,0.1487730075503387,0.17987511561020775,0.003549808207546346,0.00010406038600364087,0.03545949148455319,0.04138548761715057,0.050911656861389,0.06460909398668035,0.124,0.13029200000000002,0.04000373776330201,0.184,0.208,0.24003999999999995,0.022935501382835156
B_broad_interior,50,250,83.33333333333333,5.0,shared_pooled,1000,0.11864796114481355,0.12624680226301535,0.04396814607486695,0.1872479168351891,0.2090630110837377,0.2472388624379685,0.09796166350401125,0.10331970292289147,0.034822058772295265,0.14881011110659825,0.16387299922905857,0.19804188638413484,-0.015440573355002207,-0.018999623484011213,0.03848370487957934,0.02574517283992286,0.03460872600416656,0.05516897401024037,0.124,0.13085600000000003,0.04006005581713625,0.184,0.204,0.24403999999999995,0.024673302116707676
B_broad_interior,50,500,90.90909090909092,10.0,independent,1000,0.0963224766918424,0.10160428538614501,0.03955823388175233,0.15541502488690703,0.1748590337478855,0.22002236366703337,0.07813770520602105,0.08150249827301705,0.032226139776667974,0.12461004969170247,0.1423838302880054,0.17769162947164646,0.0054033453721774975,-0.0008305436918352014,0.03537927054931396,0.0387543278613663,0.04648730651833693,0.06014504390497401,0.118,0.12427800000000001,0.038239521139483125,0.178,0.202,0.23,0.021786805505894125
B_broad_interior,50,500,90.90909090909092,10.0,shared_pooled,1000,0.12602269071456332,0.1321232451724128,0.0433152804617035,0.19129248780383903,0.21353334679706376,0.2521320950805664,0.10324013818003737,0.10610108879095088,0.033310511337145486,0.14725937208491252,0.16386032740319806,0.20168844722355453,-0.02070938577206015,-0.025032189024941524,0.03947045417609467,0.02170300700184707,0.03027154640800194,0.044125061356939076,0.118,0.12603999999999999,0.04016311087895801,0.184,0.2,0.24802,0.027381380485163576
B_broad_interior,150,1350,270.0,9.0,independent,1000,0.06667384587710143,0.06866207902107234,0.022378063220880016,0.09893575350153296,0.10901003550068164,0.12796962132152162,0.0521496433592388,0.05448098576970424,0.01904681304631221,0.08003825221712463,0.0890037384852556,0.10108538857366961,0.006751479634151782,0.005223242936339588,0.02036157612978706,0.029265040777852837,0.0341685795106816,0.04307030762219539,0.06962962962962962,0.07360888888888889,0.022683936817090584,0.10600000000000001,0.11711111111111104,0.1348296296296296,0.015164100946179048
B_broad_interior,150,1350,270.0,9.0,shared_pooled,1000,0.08338259297957047,0.0862626183357273,0.02444461527480956,0.11967722841911421,0.1297627922479443,0.15138731104253433,0.06857549948901472,0.06992552462537219,0.019050703617865348,0.09532696011409077,0.10373824104906401,0.12088681159018425,-0.008214591099509476,-0.011315069868134764,0.02467973985445273,0.01888088665685977,0.026086314134648375,0.03503059605592916,0.07037037037037037,0.07364444444444444,0.02149718238250627,0.1037037037037037,0.11485185185185182,0.13185185185185186,0.01602337941834987
C_boundary_heavy,50,50,50.0,1.0,independent,1000,0.2788322679694377,0.27601178485659317,0.10435869323730153,0.4117229814876093,0.44906329286149144,0.5028746945542526,0.10583948521558433,0.11077528695591946,0.04558346106036458,0.17646072286592906,0.19292781805287695,0.23293914722334622,0.0005522265400345198,0.008302642912434393,0.21380865492355644,0.2977685194458605,0.3526004512420512,0.4180698773268883,0.16,0.16502000000000003,0.05031233378537445,0.24,0.26,0.3,0.1720016647155952
C_boundary_heavy,50,50,50.0,1.0,shared_pooled,1000,0.27017530288179153,0.2716677645148964,0.09344063550154795,0.38884575695606644,0.42432718324523877,0.49310614996711033,0.10927260188125713,0.11444138825980003,0.04303049000403811,0.17298229385805922,0.19148033986883278,0.23372674693256276,-0.008160506900782565,-0.001600447085091596,0.18892790727900513,0.24730588923295954,0.2911571587512576,0.37658432944102677,0.16,0.16418000000000002,0.051830628146049065,0.24,0.26,0.32,0.1541584183574941
C_boundary_heavy,200,200,200.0,1.0,independent,1000,0.16933822977002141,0.17718683398156435,0.0648944968598178,0.2653233063919313,0.29528591415303856,0.3428964306108324,0.06111754367130282,0.06338611586728375,0.02225296574877405,0.09454558862141824,0.10363577565533003,0.1327899706070076,-0.00044506893394408685,0.002751194023988381,0.12899372946208143,0.18045845934280422,0.2170612477221421,0.2762982090787152,0.08,0.08438,0.024462502202636877,0.115,0.125,0.15004999999999996,0.09410162539207817
C_boundary_heavy,200,200,200.0,1.0,shared_pooled,1000,0.18725929584701997,0.18821354998304565,0.06201403662354015,0.2698561337374608,0.2898052907058396,0.33890296549294846,0.06556015541581489,0.06814613092714165,0.022154600733438164,0.09780471696017047,0.10830982237543296,0.131095894777043,-0.00514570945126195,-0.0033699122708149352,0.12143845274900439,0.16828284299923615,0.19099727028236174,0.23794940433458875,0.08,0.084185,0.025250710353837046,0.12,0.135,0.15504999999999997,0.09343826175257973
C_boundary_heavy,800,800,800.0,1.0,independent,1000,0.11012865444840654,0.11489666732017775,0.03628212953036572,0.16382145182462637,0.18213823692827572,0.2089268015210064,0.036297107989469224,0.03772880264789686,0.011467930414045034,0.05312722782206891,0.057621421367308225,0.06983023794684293,-0.005414331425299429,-0.0030013143145779047,0.07417356025824452,0.09500458046287781,0.11971923286800812,0.1537055144604881,0.04125,0.043253749999999994,0.012919959318290684,0.06125,0.0675,0.08,0.054712643488935266
C_boundary_heavy,800,800,800.0,1.0,shared_pooled,1000,0.12131291423630865,0.12468647279646157,0.03863046417795158,0.17500426195496757,0.18828101164253735,0.22700876538361756,0.039231049731492926,0.04091711975185535,0.011965708486291235,0.05712089504963805,0.06294294565172218,0.07227066016253744,-0.0027563631491185963,-0.0015957142151541413,0.07797789973970609,0.10484870960947061,0.1269116495372263,0.16864296620404215,0.04125,0.0433875,0.013660351347932049,0.0625,0.06875,0.085,0.05822238876037193
C_boundary_heavy,50,100,66.66666666666667,2.0,independent,1000,0.24310415425514434,0.24846167576418435,0.09376342213517452,0.37539806963564337,0.4102612124828915,0.4752251212973678,0.09177578316702414,0.09685912633357317,0.03727476118206516,0.14599813680373847,0.16757387536033372,0.2077667515377024,-0.01304798730274269,-0.017413183159091863,0.190215829174416,0.23515520925696892,0.27891475714456454,0.33764948990765925,0.13,0.14043,0.042507905406195,0.2,0.22,0.28,0.1499883319084206
C_boundary_heavy,50,100,66.66666666666667,2.0,shared_pooled,1000,0.26134814802890016,0.26350431077704856,0.08531941711995789,0.3716465059869035,0.4015699696257553,0.4598614619055037,0.10019530699429233,0.10487481812985484,0.03740745734854519,0.15410623720174277,0.17036192774996037,0.2138096787618503,-0.05292988014996988,-0.045255744148511426,0.17467851247857538,0.19235371016959102,0.23139995420846507,0.29878005083466386,0.14,0.14355,0.045105787123517004,0.21,0.22,0.28,0.14702292465306135
C_boundary_heavy,50,250,83.33333333333333,5.0,independent,1000,0.22817454160791065,0.23558731412528278,0.08573957337263229,0.34947839739079695,0.3816800753867213,0.449542531539611,0.08723745066262337,0.09247223528695815,0.035453998212505194,0.140301820724553,0.1602431461676384,0.1919364681387888,-0.014623301532075406,-0.029689323823784586,0.17650359723456757,0.1918898352949951,0.22985021925037216,0.27454102058111995,0.128,0.13198000000000001,0.040875890674558255,0.188,0.212,0.248,0.1423509929828054
C_boundary_heavy,50,250,83.33333333333333,5.0,shared_pooled,1000,0.26652272632747653,0.2695905861370135,0.08274488580378957,0.3764188082851171,0.410237397046628,0.4612181303300251,0.09776926552964921,0.10248363712249428,0.033565483076021765,0.1476115792551042,0.16200745988170734,0.2010353457417405,-0.10929164752476052,-0.09685948321045021,0.15826271033843628,0.12836679699466957,0.17728753599345567,0.2440343425235015,0.124,0.13127200000000003,0.039628075910904385,0.188,0.204,0.24003999999999995,0.141610999375447
C_boundary_heavy,50,500,90.90909090909092,10.0,independent,1000,0.21728961591812063,0.227096962647387,0.08675705360975307,0.34466132577235337,0.3793239323246467,0.46603217981546613,0.08820700563639271,0.09313751493585781,0.03518056902180217,0.13949852350202496,0.15793534718113048,0.19461324895019766,-0.01520425819352907,-0.03062635521070512,0.17105675558054545,0.18625281115393466,0.22018539249108626,0.27326004229574063,0.118,0.12457800000000001,0.03837831172434258,0.178,0.196,0.23801999999999998,0.13329939051951664
C_boundary_heavy,50,500,90.90909090909092,10.0,shared_pooled,1000,0.27218602938888464,0.2789554160151177,0.0751968151844304,0.37735132574657027,0.4123217281847584,0.4729423669506502,0.09966008334514277,0.10378753555759067,0.03281055715496755,0.15119370639190707,0.16337497645224217,0.1897385150520411,-0.13277882865011847,-0.12236932824748123,0.14497285619015993,0.08099090750148982,0.12776403136730627,0.18165334043284678,0.12,0.12596800000000002,0.038946165148571174,0.18,0.198,0.236,0.1483247054837164
C_boundary_heavy,150,1350,270.0,9.0,independent,1000,0.16369246465126153,0.16965211287956367,0.055213434746628494,0.23872671056948655,0.27039302943106097,0.3330055143000123,0.06612790088338445,0.06845148498871857,0.020182836638803825,0.09603359415213053,0.103996446426539,0.12214491797065175,-0.0024430056167537495,-0.011469291047975283,0.11951052811469041,0.1373997083140654,0.16556097255448837,0.20205511921276695,0.06888888888888889,0.07301037037037036,0.021779823869948887,0.10296296296296296,0.11485185185185182,0.13707407407407404,0.09432693107811506
C_boundary_heavy,150,1350,270.0,9.0,shared_pooled,1000,0.19780207212872605,0.20358852649184148,0.056249979304858096,0.27980346391119376,0.30030192266040673,0.35918540783002234,0.06584889852309644,0.06844305827568696,0.01968223687234893,0.09298963171415395,0.10545693528136985,0.12317656933532807,-0.07924710859908703,-0.0761764675136317,0.10714354269347062,0.07377015931439512,0.10325088445605203,0.15583808793069207,0.06814814814814815,0.07260814814814814,0.021502636023254012,0.10444444444444445,0.11555555555555555,0.13037777777777776,0.09663246071399995
D_bimodal,50,50,50.0,1.0,independent,1000,0.08144575944653137,0.08868616293289382,0.043893040143399814,0.1501476932614195,0.17435220145887087,0.20623121526637836,0.0801536949173277,0.08849293636166408,0.045778996396754076,0.1536251226027066,0.17806200582859444,0.21330115704784247,0.0006952450550143504,0.00048509439687350204,0.011010824972810914,0.012737365211926104,0.01782644529101876,0.029177390979523408,0.16,0.16704000000000002,0.052356275455570554,0.24,0.26,0.3,0.006158274662369307
D_bimodal,50,50,50.0,1.0,shared_pooled,1000,0.09444057332992717,0.10026272387422992,0.04561411679765715,0.15590135268257102,0.18355958478324025,0.23416937479848476,0.09154242155709441,0.09754358048886767,0.04669818610240904,0.1561785905931197,0.1862341880023921,0.23803774571069214,-3.150441874709767e-05,-0.0003314468411927327,0.016227430980009522,0.01906240963132987,0.025559760749396813,0.03864990213476229,0.16,0.16250000000000006,0.050966141187533,0.24,0.26,0.32,0.010096232075743821
D_bimodal,200,200,200.0,1.0,independent,1000,0.05038916858682087,0.05365116426009631,0.023112671765888645,0.08318053515541564,0.09454494719707125,0.12136536493983346,0.04789616398369481,0.051765580805544976,0.023952059764411192,0.08238070290680832,0.09372904777700458,0.12604171249868817,0.00011569178101938611,-0.00017707608087621173,0.008814054609088866,0.011064850930718425,0.01467345256218704,0.020282232073895907,0.08,0.084815,0.0259193477461835,0.12,0.135,0.165,0.005927445529163758
D_bimodal,200,200,200.0,1.0,shared_pooled,1000,0.05687569250942415,0.06090082015673494,0.02440362386258526,0.09448314674173822,0.10731015813389723,0.13324750583001752,0.052502164984395534,0.0571495231140469,0.02458728442023213,0.08729075281119367,0.10625196020258677,0.14010206704698,-0.0006666766414033833,-0.00039021327105220557,0.01269382942858444,0.016152012558513944,0.020285667592161136,0.028602633778011116,0.08,0.083975,0.026430530602845413,0.12,0.135,0.165,0.008491085883866755
D_bimodal,800,800,800.0,1.0,independent,1000,0.031358392481151784,0.03289948054314986,0.012022042212099427,0.049758826569630876,0.054968672358900184,0.06311358287164644,0.02851149651654116,0.0302765511117821,0.011780228625624606,0.04778680016778826,0.05192439851253207,0.06268291973099835,0.00017149923210051609,0.00027540497310016006,0.0071879802554831625,0.009688365001854521,0.012383785367293142,0.017481955311743434,0.04,0.042077500000000004,0.012907021730823882,0.06125,0.06625,0.07876249999999999,0.004968520310497591
D_bimodal,800,800,800.0,1.0,shared_pooled,1000,0.03659923519241195,0.03765917636789475,0.012312145880303993,0.05299662410328035,0.06070604002046278,0.07348851047264185,0.0326194909671894,0.03397884850601544,0.01177313731603047,0.048523859832365034,0.05464590852376225,0.06829607371985084,5.106630209645007e-05,0.00028685935278220323,0.009341578847082057,0.012593510172812121,0.014990395449475292,0.020626609821136656,0.04125,0.0432275,0.013088814339381959,0.06125,0.06625,0.0825,0.006740217099142774
D_bimodal,50,100,66.66666666666667,2.0,independent,1000,0.07596629601571797,0.08328264150437256,0.040207088860999995,0.13978447281799983,0.1600259858198013,0.20441666682285445,0.07323191220574984,0.08198249235354901,0.04188321115905842,0.14082781106920064,0.1638788762580209,0.21055426893751825,0.004559913748919066,0.004061317194622543,0.010369097052373075,0.01609937246210954,0.019381072744153443,0.02589118078959523,0.14,0.14529000000000003,0.04728373559324234,0.21,0.24,0.29,0.007242696702182564
D_bimodal,50,100,66.66666666666667,2.0,shared_pooled,1000,0.08744934878144582,0.09201963742570951,0.040727006488727215,0.14791127335817117,0.1645098412813425,0.20447042185241715,0.08223248488084224,0.08825704257507411,0.041201859778955026,0.1434146448423822,0.16558469183004673,0.20809998552287876,-0.003666533010727965,-0.005085265134205391,0.01638289409241063,0.014677995131321021,0.019080851182951396,0.030085392295332834,0.14,0.14382999999999999,0.04544553219400557,0.2,0.23,0.28,0.010498066825604871
D_bimodal,50,250,83.33333333333333,5.0,independent,1000,0.08999252668456595,0.09392206090654727,0.0350662069107874,0.14082924672475344,0.1576288210719755,0.1883354801663632,0.08387167258706743,0.08894519568390098,0.03487029852912223,0.13522224307881536,0.15370459942329728,0.19015299926058715,0.013505728081662456,0.012578768734361761,0.009905381391631437,0.023816725415062728,0.027830604245922402,0.032190207696466126,0.128,0.131832,0.040308368120534725,0.1844000000000001,0.204,0.25604,0.014019772338348023
D_bimodal,50,250,83.33333333333333,5.0,shared_pooled,1000,0.0869065792366107,0.09219277128118955,0.03773541373184269,0.14250911533613117,0.16144188325366207,0.1956251765137778,0.07963987166267748,0.0864335425022176,0.03696206437473796,0.13722777832931884,0.15394003584486035,0.19798894889721266,-0.007153475051390749,-0.0095590906765897,0.019687136429900023,0.0135402162146786,0.01756926965846194,0.026392119898580767,0.124,0.13079200000000002,0.040393816313841854,0.184,0.2041999999999998,0.25204,0.013014803171499901
D_bimodal,50,500,90.90909090909092,10.0,independent,1000,0.1030343112554444,0.10509360952475405,0.031259945096337845,0.1460592397888404,0.16090637971089447,0.19314347019437136,0.09388435855836325,0.09667890689155399,0.029848945337143152,0.13394123086247217,0.15189248593710294,0.18386482088394215,0.020661772936583854,0.019551939942258678,0.009054715452359141,0.029689490391831608,0.03218399880468971,0.036681027484972914,0.12,0.12458600000000002,0.037595665149562627,0.17420000000000002,0.19,0.23,0.02071848503675681
D_bimodal,50,500,90.90909090909092,10.0,shared_pooled,1000,0.09034368590376365,0.09729334726226477,0.039220857866738006,0.1511555501957566,0.16956588637388206,0.21903779828404105,0.08202907605695824,0.08842800623947661,0.036525967324871574,0.13796841872046897,0.1577020224592996,0.20354932397117564,-0.011232542491420205,-0.014263914088412925,0.0244492002786011,0.013492978023263838,0.01874048612571852,0.024959465145148532,0.118,0.12428600000000001,0.039513282621208574,0.176,0.198,0.24802,0.014884629632454533
D_bimodal,150,1350,270.0,9.0,independent,1000,0.07988459913717519,0.07972509487232918,0.02128382342678858,0.10751040929368176,0.11551190833599258,0.12782208026334252,0.07052547684542455,0.07098088703151761,0.018785084231876914,0.09492854845566012,0.10181348010206744,0.11831401646721733,0.023254021107612943,0.022582988111634898,0.0076682301742903875,0.031893345653576544,0.034045659465222325,0.03772449753921897,0.07111111111111111,0.07432222222222222,0.021682325137321753,0.10444444444444445,0.11411111111111108,0.13333333333333333,0.023254021107612943
D_bimodal,150,1350,270.0,9.0,shared_pooled,1000,0.06242606715899705,0.065177212447236,0.021852616549770033,0.09207097369482115,0.1042949188957414,0.12942032743700302,0.05568078876115771,0.058361779211007055,0.020205166481106582,0.08407345480553187,0.0935813244294179,0.11451129716821815,-0.0037270004992742698,-0.00537610613154812,0.01712804933808317,0.015707772195607317,0.019589859368453637,0.024929677869510405,0.07037037037037037,0.07354518518518519,0.022227488643003095,0.10444444444444445,0.11555555555555555,0.14,0.011442673879040733
